{
  "experiment": "EXP-2420",
  "title": "Realistic Transaction Cost Model \u2014 7-stream @ 3\u00d7 leverage",
  "capital_usd": 100000.0,
  "leverage": 3.0,
  "baseline": {
    "sharpe": 5.96,
    "cagr_pct": 146.2,
    "vol_pct": 15.117013888628552,
    "source": "EXP-2200 equal_risk_15% full-sample"
  },
  "cost_model": {
    "commission_per_contract_usd": 0.65,
    "slippage_coeff_bps": 50.0,
    "bid_ask_proxy": "IronVault option_daily p25((H-L)/close), vol>=500, close>=$0.50, >=2024",
    "slippage_form": "impact_bps = coeff \u00b7 sqrt(trade_notional / underlier_ADV_notional)"
  },
  "spread_measurements_by_ticker": {
    "XLI": {
      "n_samples": 2053,
      "p10_rel": 0.039469,
      "p25_rel": 0.089286,
      "median_rel": 0.190476,
      "p10_abs": 0.05,
      "p25_abs": 0.12,
      "median_abs": 0.26,
      "mid_price": 1.3
    },
    "SPY": {
      "n_samples": 200280,
      "p10_rel": 0.099834,
      "p25_rel": 0.18945,
      "median_rel": 0.334066,
      "p10_abs": 0.33,
      "p25_abs": 0.71,
      "median_abs": 1.49,
      "mid_price": 4.51
    },
    "GLD": {
      "n_samples": 3324,
      "p10_rel": 0.132022,
      "p25_rel": 0.207547,
      "median_rel": 0.333333,
      "p10_abs": 0.21,
      "p25_abs": 0.35,
      "median_abs": 0.6,
      "mid_price": 1.68
    },
    "SLV": {
      "n_samples": 0
    },
    "XLF": {
      "n_samples": 5678,
      "p10_rel": 0.042645,
      "p25_rel": 0.098039,
      "median_rel": 0.192308,
      "p10_abs": 0.05,
      "p25_abs": 0.1,
      "median_abs": 0.18,
      "mid_price": 0.9
    }
  },
  "adv_by_ticker_usd": {
    "XLI": 1916562467.6063538,
    "SPY": 53515592392.15698,
    "GLD": 5288811622.016907,
    "SLV": 4427203629.684448,
    "XLF": 2354383436.416054
  },
  "underlier_prices": {
    "XLI": 164.61000061035156,
    "SPY": 658.9299926757812,
    "GLD": 427.6499938964844,
    "SLV": 66.08999633789062,
    "XLF": 49.880001068115234
  },
  "per_stream_costs": [
    {
      "name": "exp1220",
      "ticker": "SPY",
      "trades_per_year": 34,
      "legs_per_trade": 2,
      "contracts_per_trade": 3.0,
      "portfolio_weight": 0.316,
      "spread_rel": 0.18945,
      "option_mid_price": 4.51,
      "underlier_adv_notional": 53515592392.0,
      "underlier_price": 658.93,
      "bid_ask_annual_usd": 348.6,
      "commission_annual_usd": 265.2,
      "slippage_annual_usd": 365.36,
      "total_annual_usd": 979.17,
      "bid_ask_annual_bps_total": 34.86,
      "commission_annual_bps_total": 26.52,
      "slippage_annual_bps_total": 36.54,
      "total_annual_bps_total": 97.92,
      "bid_ask_per_trade_usd": 10.25,
      "commission_per_trade_usd": 7.8,
      "slippage_per_trade_usd": 10.75,
      "total_per_trade_usd": 28.8,
      "notional_per_trade_usd": 395358.0,
      "participation_per_trade": 7.39e-06
    },
    {
      "name": "xlf_cs",
      "ticker": "XLF",
      "trades_per_year": 34,
      "legs_per_trade": 2,
      "contracts_per_trade": 15.0,
      "portfolio_weight": 0.245,
      "spread_rel": 0.098039,
      "option_mid_price": 0.9,
      "underlier_adv_notional": 2354383436.0,
      "underlier_price": 49.88,
      "bid_ask_annual_usd": 180.0,
      "commission_annual_usd": 1326.0,
      "slippage_annual_usd": 405.61,
      "total_annual_usd": 1911.61,
      "bid_ask_annual_bps_total": 18.0,
      "commission_annual_bps_total": 132.6,
      "slippage_annual_bps_total": 40.56,
      "total_annual_bps_total": 191.16,
      "bid_ask_per_trade_usd": 5.29,
      "commission_per_trade_usd": 39.0,
      "slippage_per_trade_usd": 11.93,
      "total_per_trade_usd": 56.22,
      "notional_per_trade_usd": 149640.0,
      "participation_per_trade": 6.356e-05
    },
    {
      "name": "xli_cs",
      "ticker": "XLI",
      "trades_per_year": 34,
      "legs_per_trade": 2,
      "contracts_per_trade": 5.0,
      "portfolio_weight": 0.192,
      "spread_rel": 0.089286,
      "option_mid_price": 1.3,
      "underlier_adv_notional": 1916562468.0,
      "underlier_price": 164.61,
      "bid_ask_annual_usd": 78.93,
      "commission_annual_usd": 442.0,
      "slippage_annual_usd": 518.68,
      "total_annual_usd": 1039.61,
      "bid_ask_annual_bps_total": 7.89,
      "commission_annual_bps_total": 44.2,
      "slippage_annual_bps_total": 51.87,
      "total_annual_bps_total": 103.96,
      "bid_ask_per_trade_usd": 2.32,
      "commission_per_trade_usd": 13.0,
      "slippage_per_trade_usd": 15.26,
      "total_per_trade_usd": 30.58,
      "notional_per_trade_usd": 164610.0,
      "participation_per_trade": 8.589e-05
    },
    {
      "name": "gld_cal",
      "ticker": "GLD",
      "trades_per_year": 50,
      "legs_per_trade": 2,
      "contracts_per_trade": 7.0,
      "portfolio_weight": 0.024,
      "spread_rel": 0.207547,
      "option_mid_price": 1.68,
      "underlier_adv_notional": 5288811622.0,
      "underlier_price": 427.65,
      "bid_ask_annual_usd": 488.15,
      "commission_annual_usd": 910.0,
      "slippage_annual_usd": 3185.05,
      "total_annual_usd": 4583.2,
      "bid_ask_annual_bps_total": 48.82,
      "commission_annual_bps_total": 91.0,
      "slippage_annual_bps_total": 318.5,
      "total_annual_bps_total": 458.32,
      "bid_ask_per_trade_usd": 9.76,
      "commission_per_trade_usd": 18.2,
      "slippage_per_trade_usd": 63.7,
      "total_per_trade_usd": 91.66,
      "notional_per_trade_usd": 598710.0,
      "participation_per_trade": 0.0001132
    },
    {
      "name": "slv_cal",
      "ticker": "SLV",
      "trades_per_year": 50,
      "legs_per_trade": 2,
      "contracts_per_trade": 30.0,
      "portfolio_weight": 0.012,
      "spread_rel": 0.1,
      "option_mid_price": 2.0,
      "underlier_adv_notional": 4427203630.0,
      "underlier_price": 66.09,
      "bid_ask_annual_usd": 1200.0,
      "commission_annual_usd": 3900.0,
      "slippage_annual_usd": 1876.44,
      "total_annual_usd": 6976.44,
      "bid_ask_annual_bps_total": 120.0,
      "commission_annual_bps_total": 390.0,
      "slippage_annual_bps_total": 187.64,
      "total_annual_bps_total": 697.64,
      "bid_ask_per_trade_usd": 24.0,
      "commission_per_trade_usd": 78.0,
      "slippage_per_trade_usd": 37.53,
      "total_per_trade_usd": 139.53,
      "notional_per_trade_usd": 396540.0,
      "participation_per_trade": 8.957e-05
    },
    {
      "name": "vol_arb",
      "ticker": "SPY",
      "trades_per_year": 45,
      "legs_per_trade": 4,
      "contracts_per_trade": 5.0,
      "portfolio_weight": 0.187,
      "spread_rel": 0.18945,
      "option_mid_price": 4.51,
      "underlier_adv_notional": 53515592392.0,
      "underlier_price": 658.93,
      "bid_ask_annual_usd": 1537.96,
      "commission_annual_usd": 1170.0,
      "slippage_annual_usd": 2942.91,
      "total_annual_usd": 5650.86,
      "bid_ask_annual_bps_total": 153.8,
      "commission_annual_bps_total": 117.0,
      "slippage_annual_bps_total": 294.29,
      "total_annual_bps_total": 565.09,
      "bid_ask_per_trade_usd": 34.18,
      "commission_per_trade_usd": 26.0,
      "slippage_per_trade_usd": 65.4,
      "total_per_trade_usd": 125.57,
      "notional_per_trade_usd": 1317860.0,
      "participation_per_trade": 2.463e-05
    },
    {
      "name": "v5_hedge",
      "ticker": "SPY",
      "trades_per_year": 20,
      "legs_per_trade": 1,
      "contracts_per_trade": 10.0,
      "portfolio_weight": 0.023,
      "spread_rel": 0.18945,
      "option_mid_price": 4.51,
      "underlier_adv_notional": 53515592392.0,
      "underlier_price": 658.93,
      "bid_ask_annual_usd": 341.77,
      "commission_annual_usd": 260.0,
      "slippage_annual_usd": 462.43,
      "total_annual_usd": 1064.2,
      "bid_ask_annual_bps_total": 34.18,
      "commission_annual_bps_total": 26.0,
      "slippage_annual_bps_total": 46.24,
      "total_annual_bps_total": 106.42,
      "bid_ask_per_trade_usd": 17.09,
      "commission_per_trade_usd": 13.0,
      "slippage_per_trade_usd": 23.12,
      "total_per_trade_usd": 53.21,